22782886,ALBERT,ALBERT@gmail.com,34,Masculino
14514637,JOAQUIN,JOAQUIN@gmail.com,23,Masculino
44512998,CESAR,CESAR@gmail.com,56,Masculino
65523235,HUGO,HUGO@gmail.com,76,Masculino
21808690,VALENTINA,VALENTINA@gmail.com,80,Femenino
22487594,GERMAN,GERMAN@gmail.com,21,Masculino
2565184,DAVID,DAVID@gmail.com,22,Masculino
20399728,MIGUEL,MIGUEL@gmail.com,23,Masculino
82848175,VICENTE,VICENTE@gmail.com,24,Masculino
60596027,VALERIA,ALVARO@gmail.com,65,Femenino
22000981,LUIS,LUIS@gmail.com,37,Masculino
6410344,DANIEL,DANIEL@gmail.com,38,Masculino
57144543,JOSEP,JOSEP@gmail.com,39,Masculino
45607974,EDUARDO,EDUARDO@gmail.com,40,Masculino
62473460,LEONEL,LEONEL@gmail.com,41,Masculino
15536849,LILIANA,JORDI@gmail.com,73,Femenino
66618824,ESTEBAN,ESTEBAN@gmail.com,25,Masculino
50066016,JONATHAN,JONATHAN@gmail.com,26,Masculino
49656116,FELIPE,FELIPE@gmail.com,27,Masculino
57196756,JOSE,JOSE@gmail.com,28,Masculino
82061724,FELIX,FELIX@gmail.com,56,Masculino
73317174,PABLO,PABLO@gmail.com,57,Masculino
61022576,MANUEL,MANUEL@gmail.com,58,Masculino
53174491,LORENZO,LORENZO@gmail.com,59,Masculino
10290062,ISAAC,ISAAC@gmail.com,45,Masculino
57693188,MARIA,MARIA@gmail.com,71,Femenino
11668865,ANGEL,ANGEL@gmail.com,32,Masculino
64071928,JULIANA,ADOLFO@gmail.com,35,Femenino
81670722,ERNESTO,ERNESTO@gmail.com,30,Masculino
48171859,RAFAEL,RAFAEL@gmail.com,31,Masculino
32146494,TOMAS,TOMAS@gmail.com,32,Masculino
16126959,MARCOS,MARCOS@gmail.com,35,Masculino
30816839,MARIO,MARIO@gmail.com,34,Masculino
79029278,ARTURO,ARTURO@gmail.com,35,Masculino
8834337,PAULA,EUGENIO@gmail.com,32,Femenino
76033208,JUAN,JUAN@gmail.com,50,Masculino
68448343,GONZALO,GONZALO@gmail.com,87,Masculino
48058655,MARIA,ANTONIO@gmail.com,43,Femenino
33774958,EMILIO,EMILIO@gmail.com,76,Masculino
33438506,AGUSTIN,AGUSTIN@gmail.com,80,Masculino
4620222,JUAN PABLO,JUAN PABLO@gmail.com,32,Masculino
82864628,FRANCISCO,FRANCISCO@gmail.com,34,Masculino
37589226,MARC,MARC@gmail.com,23,Masculino
40087806,VERONICA,ROBERTO@gmail.com,23,Femenino
81880677,CARLOS,CARLOS@gmail.com,32,Masculino
38775347,JOEL,JOEL@gmail.com,33,Masculino
31381830,MARIANO,MARIANO@gmail.com,34,Masculino
52094661,OSCAR,OSCAR@gmail.com,35,Masculino
36593512,ALEXANDER,ALEXANDER@gmail.com,21,Masculino
51149233,BORJA,BORJA@gmail.com,21,Masculino
21387527,RAUL,RAUL@gmail.com,21,Masculino
4674711,LAURA,ALEX@gmail.com,65,Femenino
7213819,IVAN,IVAN@gmail.com,65,Masculino
62016364,SAMUEL,SAMUEL@gmail.com,65,Masculino
717107,ANDRES,ANDRES@gmail.com,23,Masculino
30808431,NORA,NORA@gmail.com,19,Masculino
64818526,ANDRêS,ANDRêS@gmail.com,19,Femenino
19368727,CRISTIAN,CRISTIAN@gmail.com,20,Masculino
42421798,JAVIER,JAVIER@gmail.com,34,Masculino
63574442,DOMINGO,DOMINGO@gmail.com,35,Masculino
46691733,NICOLAS,NICOLAS@gmail.com,36,Masculino
7494238,ESTHER,HECTOR@gmail.com,79,Femenino
38967216,RICARDO,RICARDO@gmail.com,32,Masculino
53836405,ALBERTO,ALBERTO@gmail.com,45,Masculino
62227273,RUBEN,RUBEN@gmail.com,64,Masculino
52497279,SEBASTIAN,SEBASTIAN@gmail.com,64,Masculino
4567510,SARA,MOHAMED@gmail.com,32,Femenino
39914410,MARCO,MARCO@gmail.com,65,Masculino
8550197,NATALIA,SERGIO@gmail.com,34,Femenino
38122675,RAMON,RAMON@gmail.com,76,Masculino
50214891,GREGORIO,GREGORIO@gmail.com,81,Masculino
31489699,LUCIA,JOAN@gmail.com,82,Femenino
15876489,ALFONSO,ALFONSO@gmail.com,36,Masculino
60223976,GUILLERMO,GUILLERMO@gmail.com,37,Masculino
46167016,CHRISTIAN,CHRISTIAN@gmail.com,38,Masculino
8408496,MATEO,MATEO@gmail.com,39,Masculino
81610124,JULIAN,JULIAN@gmail.com,40,Masculino
42868453,CRISTOBAL,CRISTOBAL@gmail.com,41,Masculino
11432724,RODRIGO,RODRIGO@gmail.com,42,Masculino
32244410,JESUS,JESUS@gmail.com,43,Masculino
31298875,JORGE,JORGE@gmail.com,44,Masculino
24336103,JULIO,JULIO@gmail.com,45,Masculino
57609630,MARIA MÖNICA,MARIA MÖNICA@gmail.com,65,Femenino
9412630,IGNACIO,IGNACIO@gmail.com,32,Masculino
38708090,GABRIEL,GABRIEL@gmail.com,32,Masculino
83099858,MARTIN,MARTIN@gmail.com,32,Masculino
6915125,FERNANDO,FERNANDO@gmail.com,32,Masculino
62012098,ALEJANDRO,ALEJANDRO@gmail.com,32,Masculino
75517267,VIOLETA,SANTIAGO@gmail.com,72,Femenino
74765742,LUCAS,LUCAS@gmail.com,43,Masculino
82235984,PEDRO,PEDRO@gmail.com,43,Masculino
79459749,ENRIQUE,ENRIQUE@gmail.com,32,Masculino
8163041,VICTOR,VICTOR@gmail.com,65,Masculino
50844226,ALFREDO,ALFREDO@gmail.com,74,Masculino
45377607,DARIO,DARIO@gmail.com,43,Masculino
19067320,DIEGO,DIEGO@gmail.com,23,Masculino
14921221,ISMAEL,ISMAEL@gmail.com,43,Masculino
37635972,JAIME,JAIME@gmail.com,21,Masculino
20706186,SALVADOR,SALVADOR@gmail.com,26,Masculino
76611100,CLARA,ADRIAN@gmail.com,28,Femenino
